Тарасова;Алиса;Кирилловна;+7 (922) 291-9524;;;;;
Акимова;Елизавета;Максимовна;+7 (922) 731-2868;;;;;
Захаров;Константин;Константинович;+7 (922) 701-1950;;;;;
Гончаров;Давид;Никитич;+7 (922) 865-8116;;;;;
Федорова;Маргарита;Тихоновна;+7 (922) 778-1015;;;;;
Завьялова;София;Тихоновна;+7 (800)615-0708;;;;;
Кузнецов;Максим;Ильич;+7 (922) 867-5881;;;;;
Евсеев;Артур;Иванович;+7 (922) 239-3788;;;;;
Алексеев;Антон;Елисеевич;+7 (922) 916-5890;;;;;
Павлов;Дамир;Даниэльевич;+7 (922) 006-0229;;;;;
Козлова;Дарья;Никитична;+7 (922) 948-6760;;;;;
Кузнецова;Аиша;Викторовна;+7 (922) 519-3109;;;;;
Митрофанова;Василиса;Андреевна;+7 (922) 570-9676;;;;;
Некрасова;Татьяна;Михайловна;+7 (922) 238-1407;;;;;
Егоров;Денис;Демидович;+7 (922) 991-5023;;;;;
Мельникова;Мария;Романовна;+7 (922) 538-0693;;;;;
Румянцев;Артём;Михайлович;+7 (922) 027-7880;;;;;
Носов;Марк;Максимович;+7 (922) 982-7300;;;;;
Елисеева;Мария;Олеговна;+7 (922) 387-8214;;;;;
Самсонов;Марк;Арсентьевич;+7 (922) 249-3231;;;;;
Борисов;Артём;Ильич;+7 (922) 011-8902;;;;;
Степанов;Роман;Дмитриевич;+7 (922) 456-5409;;;;;
Архипова;Дарья;Никитична;+7 (922) 014-9057;;;;;
Воронков;Сергей;Тимофеевич;+7 (922) 800-6098;;;;;
Морозов;Кирилл;Львович;+7 (922) 156-6151;;;;;
Парамонова;Ульяна;Руслановна;+7 (922) 219-3019;;;;;
Тарасова;Стефания;Тимуровна;+7 (922) 827-8299;;;;;
Давыдов;Кирилл;Васильевич;+7 (922) 705-8843;;;;;
Петрова;Ярослава;Юрьевна;+7 (922) 005-5835;;;;;
Маслова;Лада;Егоровна;+7 (922) 260-8372;;;;;
